{"cameraMode":{"drawMode":0,"name":"Shaded","section":"Shading Mode"},"sceneLighting":true,"audioPlay":false,"sceneViewState":{"m_AlwaysRefresh":false,"showFog":true,"showSkybox":true,"showFlares":true,"showImageEffects":true,"showParticleSystems":true,"showVisualEffectGraphs":true,"m_FxEnabled":true},"in2DMode":false,"pivot":{"x":3.4622480869293215,"y":-0.7628436088562012,"z":-2.3163957595825197},"rotation":{"x":-0.1711142361164093,"y":-0.3389101028442383,"z":0.06283079087734223,"w":-0.9229916334152222},"size":18.411380767822267,"orthographic":false}